-- 3.1. Création des enregistrements (CREATE)
-- Insérer de nouveaux clients, compagnies, hébergements et transports.
-- Ajouter des réservations, en associant un client à un voyage et un mode de paiement.
-- Enregistrer les contacts liés aux hébergements.

INSERT INTO `Client` (`nom`, `prenom`, `email`, `telephone`) VALUES
('Dupont', 'Pierre', 'pierre.dupont@example.com', '0123456789'),
('Durand', 'Marie', 'marie.durand@example.com', '0123456790'),
('Lemoine', 'Claude', 'claude.lemoine@example.com', '0123456791'),
('Martin', 'Sophie', 'sophie.martin@example.com', '0123456792'),
('Bernard', 'Jacques', 'jacques.bernard@example.com', '0123456793'),
('Lefevre', 'Lucie', 'lucie.lefevre@example.com', '0123456794'),
('Lemoine', 'Alice', 'alice.lemoine@example.com', '0123456795'),
('Moreau', 'David', 'david.moreau@example.com', '0123456796'),
('Pires', 'Sébastien', 'sebastien.pires@example.com', '0123456797'),
('Robert', 'Anne', 'anne.robert@example.com', '0123456798'),
('Jacques', 'Luc', 'luc.jacques@example.com', '0123456799'),
('Roussel', 'Marie', 'marie.roussel@example.com', '0123456800'),
('Meyer', 'Hélène', 'helene.meyer@example.com', '0123456801'),
('Fournier', 'Thierry', 'thierry.fournier@example.com', '0123456802'),
('Leclerc', 'Philippe', 'philippe.leclerc@example.com', '0123456803'),
('Benoit', 'Charlotte', 'charlotte.benoit@example.com', '0123456804'),
('Garnier', 'Vincent', 'vincent.garnier@example.com', '0123456805'),
('Dufresne', 'Nathalie', 'nathalie.dufresne@example.com', '0123456806'),
('Blanc', 'Philippe', 'philippe.blanc@example.com', '0123456807'),
('Moulin', 'Bernadette', 'bernadette.moulin@example.com', '0123456808'),
('Gauthier', 'Jean', 'jean.gauthier@example.com', '0123456809'),
('Simon', 'Chantal', 'chantal.simon@example.com', '0123456810'),
('Vidal', 'Catherine', 'catherine.vidal@example.com', '0123456811'),
('Chauvin', 'Claude', 'claude.chauvin@example.com', '0123456812'),
('Thompson', 'Sarah', 'sarah.thompson@example.com', '0123456813'),
('Garnier', 'Frédéric', 'frederic.garnier@example.com', '0123456814'),
('Chevalier', 'Gérard', 'gerard.chevalier@example.com', '0123456815'),
('Legrand', 'Céline', 'celine.legrand@example.com', '0123456816'),
('Perrin', 'Éric', 'eric.perrin@example.com', '0123456817'),
('Poirier', 'Sophie', 'sophie.poirier@example.com', '0123456818'),
('Dumas', 'Françoise', 'francoise.dumas@example.com', '0123456819'),
('Dufresne', 'Pierre', 'pierre.dufresne@example.com', '0123456820'),
('Lemoine', 'Marcel', 'marcel.lemoine@example.com', '0123456821'),
('Barbier', 'Michel', 'michel.barbier@example.com', '0123456822'),
('Charron', 'Isabelle', 'isabelle.charron@example.com', '0123456823'),
('Tanguy', 'Bernadette', 'bernadette.tanguy@example.com', '0123456824'),
('Deschamps', 'Nicolas', 'nicolas.deschamps@example.com', '0123456825'),
('Morin', 'Christophe', 'christophe.morin@example.com', '0123456826'),
('Bourdon', 'Catherine', 'catherine.bourdon@example.com', '0123456827'),
('Charpentier', 'Léa', 'lea.charpentier@example.com', '0123456828'),
('Berger', 'Alain', 'alain.berger@example.com', '0123456829'),
('Lopez', 'Antoine', 'antoine.lopez@example.com', '0123456830'),
('Lemoine', 'Franck', 'franck.lemoine@example.com', '0123456831'),
('Dufresne', 'Isabelle', 'isabelle.dufresne@example.com', '0123456832'),
('Boulanger', 'Marc', 'marc.boulanger@example.com', '0123456833'),
('Gauvin', 'Paul', 'paul.gauvin@example.com', '0123456834'),
('Lemoine', 'Éléonore', 'eleonore.lemoine@example.com', '0123456835'),
('Gérard', 'Marion', 'marion.gerard@example.com', '0123456836'),
('Joly', 'Frédéric', 'frederic.joly@example.com', '0123456837'),
('Sanchez', 'Esteban', 'esteban.sanchez@example.com', '0123456838'),
('Pierre', 'Claire', 'claire.pierre@example.com', '0123456839'),
('Leblanc', 'Sophie', 'sophie.leblanc@example.com', '0123456840'),
('Lemoine', 'David', 'david.lemoine@example.com', '0123456841'),
('Bernier', 'Jacques', 'jacques.bernier@example.com', '0123456842'),
('Dufresne', 'Marc', 'marc.dufresne@example.com', '0123456843'),
('Benoit', 'Marina', 'marina.benoit@example.com', '0123456844'),
('Girard', 'Michel', 'michel.girard@example.com', '0123456845');

INSERT INTO `Contact` (`nom`, `prenom`, `email`, `telephone`) VALUES
('Dupont', 'Alice', 'alice.dupont@example.com', '0612345678'),
('Martin', 'Pierre', 'pierre.martin@example.com', '0623456789'),
('Lemoine', 'Julie', 'julie.lemoine@example.com', '0634567890'),
('Durand', 'Claire', 'claire.durand@example.com', '0645678901'),
('Berger', 'Louis', 'louis.berger@example.com', '0656789012'),
('Thomas', 'Emma', 'emma.thomas@example.com', '0667890123'),
('Garnier', 'Michel', 'michel.garnier@example.com', '0678901234'),
('Lemoine', 'Marie', 'marie.lemoine@example.com', '0689012345'),
('Deschamps', 'Nicolas', 'nicolas.deschamps@example.com', '0690123456'),
('Barre', 'Sophie', 'sophie.barre@example.com', '0701234567'),
('Benoit', 'Lucie', 'lucie.benoit@example.com', '0712345678'),
('Robert', 'Antoine', 'antoine.robert@example.com', '0723456789'),
('Collet', 'Chloe', 'chloe.collet@example.com', '0734567890'),
('Leclerc', 'Bernard', 'bernard.leclerc@example.com', '0745678901'),
('Roussel', 'Victor', 'victor.roussel@example.com', '0756789012'),
('Marchand', 'Isabelle', 'isabelle.marchand@example.com', '0767890123'),
('Vidal', 'Jean', 'jean.vidal@example.com', '0778901234'),
('Guillot', 'Elise', 'elise.guillot@example.com', '0789012345'),
('Chauvin', 'Paul', 'paul.chauvin@example.com', '0790123456'),
('Vasseur', 'Odile', 'odile.vasseur@example.com', '0801234567');

INSERT INTO `Hebergement` (`type`, `ContactID`) VALUES
('Gîte', 1),
('Appartement', 2),
('Villa', 3),
('Hôtel', 4),
('Gîte', 5),
('Appartement', 6),
('Villa', 7),
('Hôtel', 8),
('Gîte', 9),
('Appartement', 10),
('Villa', 11),
('Hôtel', 12),
('Gîte', 13),
('Appartement', 14),
('Villa', 15),
('Hôtel', 16),
('Gîte', 17),
('Appartement', 18),
('Villa', 19),
('Hôtel', 20);

INSERT INTO `Transport` (`nom`, `places`, `type`, `compagnie`) VALUES
('Voiture', 4, 'Voiture', 'Compagnie A'),
('Bus', 40, 'Bus', 'Compagnie A'),
('Avion', 150, 'Avion', 'Compagnie A'),
('Voiture', 4, 'Voiture', 'Compagnie B'),
('Bus', 50, 'Bus', 'Compagnie B'),
('Avion', 200, 'Avion', 'Compagnie B'),
('Voiture', 4, 'Voiture', 'Compagnie C'),
('Bus', 45, 'Bus', 'Compagnie C'),
('Avion', 180, 'Avion', 'Compagnie C');

INSERT INTO `Voyage` (`ville`, `pays`, `date`, `prix`, `nombre_de_places`, `HebergementID`) VALUES
('Paris', 'France', '2025-05-01', 500.00, 20, 1),
('Rome', 'Italie', '2025-06-15', 450.00, 30, 2),
('New York', 'USA', '2025-07-10', 1200.00, 15, 3),
('Tokyo', 'Japon', '2025-08-20', 900.00, 25, 4),
('Sydney', 'Australie', '2025-09-05', 1100.00, 35, 5),
('Barcelone', 'Espagne', '2025-10-01', 400.00, 40, 6),
('Londres', 'Royaume-Uni', '2025-11-10', 550.00, 25, 7),
('Berlin', 'Allemagne', '2025-12-20', 600.00, 30, 8),
('Prague', 'République Tchèque', '2026-01-15', 350.00, 50, 9),
('Bangkok', 'Thaïlande', '2026-02-10', 800.00, 20, 10),
('Le Caire', 'Égypte', '2026-03-01', 650.00, 15, 11),
('Le Cap', 'Afrique du Sud', '2026-04-25', 950.00, 18, 12),
('Marrakech', 'Maroc', '2026-05-30', 400.00, 40, 13),
('Rio de Janeiro', 'Brésil', '2026-06-15', 1100.00, 30, 14),
('Milan', 'Italie', '2026-07-10', 500.00, 25, 15),
('Lima', 'Pérou', '2026-08-01', 700.00, 22, 16),
('Dubaï', 'Émirats Arabes Unis', '2026-09-10', 1300.00, 35, 17),
('Lisbonne', 'Portugal', '2026-10-20', 450.00, 40, 18),
('Istanbul', 'Turquie', '2026-11-15', 500.00, 45, 19),
('Mexico City', 'Mexique', '2026-12-01', 850.00, 50, 20);

INSERT INTO `Guide_touristique` (`nom`, `prenom`, `email`, `telephone`, `tarif`, `VoyageID`) VALUES
('Dupont', 'Alice', 'alice.dupont@tourisme.com', '0612345678', 150.00, 1),
('Martin', 'Pierre', 'pierre.martin@tourisme.com', '0623456789', 120.00, 2),
('Lemoine', 'Julie', 'julie.lemoine@tourisme.com', '0634567890', 180.00, 3),
('Durand', 'Claire', 'claire.durand@tourisme.com', '0645678901', 130.00, 4),
('Berger', 'Louis', 'louis.berger@tourisme.com', '0656789012', 100.00, 5),
('Thomas', 'Emma', 'emma.thomas@tourisme.com', '0667890123', 140.00, 6),
('Garnier', 'Michel', 'michel.garnier@tourisme.com', '0678901234', 160.00, 7),
('Lemoine', 'Marie', 'marie.lemoine@tourisme.com', '0689012345', 170.00, 8),
('Deschamps', 'Nicolas', 'nicolas.deschamps@tourisme.com', '0690123456', 150.00, 9),
('Barre', 'Sophie', 'sophie.barre@tourisme.com', '0701234567', 180.00, 10),
('Benoit', 'Lucie', 'lucie.benoit@tourisme.com', '0712345678', 110.00, 11),
('Robert', 'Antoine', 'antoine.robert@tourisme.com', '0723456789', 120.00, 12),
('Collet', 'Chloe', 'chloe.collet@tourisme.com', '0734567890', 140.00, 13),
('Leclerc', 'Bernard', 'bernard.leclerc@tourisme.com', '0745678901', 160.00, 14),
('Roussel', 'Victor', 'victor.roussel@tourisme.com', '0756789012', 130.00, 15),
('Marchand', 'Isabelle', 'isabelle.marchand@tourisme.com', '0767890123', 150.00, 16),
('Vidal', 'Jean', 'jean.vidal@tourisme.com', '0778901234', 140.00, 17),
('Guillot', 'Elise', 'elise.guillot@tourisme.com', '0789012345', 110.00, 18),
('Chauvin', 'Paul', 'paul.chauvin@tourisme.com', '0790123456', 130.00, 19),
('Vasseur', 'Odile', 'odile.vasseur@tourisme.com', '0801234567', 120.00, 20);

INSERT INTO `Proposition_transport` (`VoyageID`, `TransportID`) VALUES
(1, 1),
(1, 4),
(2, 7),
(2, 3),
(3, 6),
(4, 9),
(5, 2),
(5, 8),
(6, 5),
(7, 3),
(8, 7),
(9, 9),
(10, 4),
(11, 6),
(12, 5),
(13, 8),
(14, 2),
(15, 9),
(16, 7),
(17, 3),
(18, 8),
(19, 1),
(20, 4);

INSERT INTO `Reservation` (`status`, `date_reservation`, `ClientID`, `VoyageID`) VALUES
('En attente', '2025-04-01', 1, 5),
('Confirmée', '2025-04-02', 1, 7),
('En attente', '2025-04-03', 2, 9),
('Confirmée', '2025-04-04', 2, 12),
('En attente', '2025-04-05', 3, 6),
('Confirmée', '2025-04-06', 4, 10),
('En attente', '2025-04-07', 5, 8),
('Confirmée', '2025-04-08', 6, 4),
('En attente', '2025-04-09', 7, 13),
('Confirmée', '2025-04-10', 8, 11),
('En attente', '2025-04-11', 9, 14),
('Confirmée', '2025-04-12', 10, 16),
('En attente', '2025-04-13', 11, 19),
('Confirmée', '2025-04-14', 12, 17),
('En attente', '2025-04-15', 13, 18),
('Confirmée', '2025-04-16', 14, 20),
('En attente', '2025-04-17', 15, 3),
('Confirmée', '2025-04-18', 16, 2),
('En attente', '2025-04-19', 17, 5),
('Confirmée', '2025-04-20', 18, 15),
('En attente', '2025-04-21', 19, 7),
('Confirmée', '2025-04-22', 20, 10),
('En attente', '2025-04-23', 21, 9),
('Confirmée', '2025-04-24', 22, 12),
('En attente', '2025-04-25', 23, 8),
('Confirmée', '2025-04-26', 24, 14),
('En attente', '2025-04-27', 25, 16),
('Confirmée', '2025-04-28', 26, 5),
('En attente', '2025-04-29', 27, 11),
('Confirmée', '2025-04-30', 28, 17),
('En attente', '2025-05-01', 29, 20),
('Confirmée', '2025-05-02', 30, 3),
('En attente', '2025-05-03', 31, 2),
('Confirmée', '2025-05-04', 32, 13),
('En attente', '2025-05-05', 33, 18),
('Confirmée', '2025-05-06', 34, 19),
('En attente', '2025-05-07', 35, 8),
('Confirmée', '2025-05-08', 36, 14),
('En attente', '2025-05-09', 37, 7),
('Confirmée', '2025-05-10', 38, 12),
('En attente', '2025-05-11', 39, 10),
('Confirmée', '2025-05-12', 40, 5),
('En attente', '2025-05-13', 41, 17),
('Confirmée', '2025-05-14', 42, 3),
('En attente', '2025-05-15', 43, 16),
('Confirmée', '2025-05-16', 44, 9),
('En attente', '2025-05-17', 45, 14),
('Confirmée', '2025-05-18', 46, 2),
('En attente', '2025-05-19', 47, 11),
('Confirmée', '2025-05-20', 48, 18),
('En attente', '2025-05-21', 49, 15),
('Confirmée', '2025-05-22', 50, 7),
('En attente', '2025-05-23', 51, 5),
('Confirmée', '2025-05-24', 52, 6),
('En attente', '2025-05-25', 53, 8),
('Confirmée', '2025-05-26', 54, 13),
('En attente', '2025-05-27', 55, 14),
('Confirmée', '2025-05-28', 56, 9),
('En attente', '2025-05-29', 57, 17);

INSERT INTO `Paiement` (`methode_paiement`, `date_paiement`, `montant_payé`, `ReservationID`) VALUES
('Virement', '2025-04-02', 150.00, 1),
('Espèces', '2025-04-03', 100.00, 2),
('Virement', '2025-04-04', 120.00, 3),
('Espèces', '2025-04-05', 80.00, 4),
('Virement', '2025-04-06', 200.00, 5),
('Espèces', '2025-04-07', 110.00, 6),
('Virement', '2025-04-08', 130.00, 7),
('Espèces', '2025-04-09', 150.00, 8),
('Virement', '2025-04-10', 90.00, 9),
('Espèces', '2025-04-11', 160.00, 10),
('Virement', '2025-04-12', 200.00, 11),
('Espèces', '2025-04-13', 180.00, 12),
('Virement', '2025-04-14', 110.00, 13),
('Espèces', '2025-04-15', 50.00, 14),
('Virement', '2025-04-16', 100.00, 15),
('Espèces', '2025-04-17', 70.00, 16),
('Virement', '2025-04-18', 120.00, 17),
('Espèces', '2025-04-19', 130.00, 18),
('Virement', '2025-04-20', 160.00, 19),
('Espèces', '2025-04-21', 90.00, 20),
('Virement', '2025-04-22', 140.00, 21),
('Espèces', '2025-04-23', 150.00, 22),
('Virement', '2025-04-24', 110.00, 23),
('Espèces', '2025-04-25', 200.00, 24),
('Virement', '2025-04-26', 180.00, 25),
('Espèces', '2025-04-27', 120.00, 26),
('Virement', '2025-04-28', 100.00, 27),
('Espèces', '2025-04-29', 50.00, 28),
('Virement', '2025-04-30', 90.00, 29),
('Espèces', '2025-05-01', 160.00, 30),
('Virement', '2025-05-02', 180.00, 31),
('Espèces', '2025-05-03', 150.00, 32),
('Virement', '2025-05-04', 120.00, 33),
('Espèces', '2025-05-05', 200.00, 34),
('Virement', '2025-05-06', 110.00, 35),
('Espèces', '2025-05-07', 140.00, 36),
('Virement', '2025-05-08', 130.00, 37),
('Espèces', '2025-05-09', 150.00, 38),
('Virement', '2025-05-10', 100.00, 39),
('Espèces', '2025-05-11', 180.00, 40),
('Virement', '2025-05-12', 150.00, 41),
('Espèces', '2025-05-13', 200.00, 42),
('Virement', '2025-05-14', 70.00, 43),
('Espèces', '2025-05-15', 90.00, 44),
('Virement', '2025-05-16', 110.00, 45),
('Espèces', '2025-05-17', 130.00, 46),
('Virement', '2025-05-18', 180.00, 47),
('Espèces', '2025-05-19', 160.00, 48),
('Virement', '2025-05-20', 50.00, 49),
('Espèces', '2025-05-21', 120.00, 50),
('Virement', '2025-05-22', 140.00, 51),
('Espèces', '2025-05-23', 110.00, 52),
('Virement', '2025-05-24', 160.00, 53),
('Espèces', '2025-05-25', 180.00, 54),
('Virement', '2025-05-26', 150.00, 55),
('Espèces', '2025-05-27', 130.00, 56),
('Virement', '2025-05-28', 100.00, 57);